2018-11-24 00:45:00.796	26	free			873	San Jose-Sunnyvale-Santa Clara, CA	"""Mozilla/5.0 (X11; Linux x86_64) AppleWebKit/537.36 (KHTML, like Gecko) Ubuntu Chromium/36.0.1985.125 Chrome/36.0.1985.125 Safari/537.36"""
2018-11-24 00:51:45.796	26	free			873	San Jose-Sunnyvale-Santa Clara, CA	"""Mozilla/5.0 (X11; Linux x86_64) AppleWebKit/537.36 (KHTML, like Gecko) Ubuntu Chromium/36.0.1985.125 Chrome/36.0.1985.125 Safari/537.36"""
2018-11-24 02:30:02.796	87	free			86	Myrtle Beach-Conway-North Myrtle Beach, SC-NC	Mozilla/5.0 (Windows NT 6.3; WOW64; Trident/7.0; rv:11.0) like Gecko
2018-11-24 02:48:34.796	88	paid			888	Sacramento--Roseville--Arden-Arcade, CA	"""Mozilla/5.0 (Macintosh; Intel Mac OS X 10_9_4) AppleWebKit/537.36 (KHTML, like Gecko) Chrome/36.0.1985.143 Safari/537.36"""
2018-11-24 02:53:10.796	88	paid			888	Sacramento--Roseville--Arden-Arcade, CA	"""Mozilla/5.0 (Macintosh; Intel Mac OS X 10_9_4) AppleWebKit/537.36 (KHTML, like Gecko) Chrome/36.0.1985.143 Safari/537.36"""
2018-11-24 02:56:15.796	88	paid			888	Sacramento--Roseville--Arden-Arcade, CA	"""Mozilla/5.0 (Macintosh; Intel Mac OS X 10_9_4) AppleWebKit/537.36 (KHTML, like Gecko) Chrome/36.0.1985.143 Safari/537.36"""
2018-11-24 03:00:14.796	88	paid			888	Sacramento--Roseville--Arden-Arcade, CA	"""Mozilla/5.0 (Macintosh; Intel Mac OS X 10_9_4) AppleWebKit/537.36 (KHTML, like Gecko) Chrome/36.0.1985.143 Safari/537.36"""
2018-11-24 03:05:39.796	88	paid			888	Sacramento--Roseville--Arden-Arcade, CA	"""Mozilla/5.0 (Macintosh; Intel Mac OS X 10_9_4) AppleWebKit/537.36 (KHTML, like Gecko) Chrome/36.0.1985.143 Safari/537.36"""
2018-11-24 03:10:34.796	88	paid			888	Sacramento--Roseville--Arden-Arcade, CA	"""Mozilla/5.0 (Macintosh; Intel Mac OS X 10_9_4) AppleWebKit/537.36 (KHTML, like Gecko) Chrome/36.0.1985.143 Safari/537.36"""
2018-11-24 03:14:02.796	88	paid			888	Sacramento--Roseville--Arden-Arcade, CA	"""Mozilla/5.0 (Macintosh; Intel Mac OS X 10_9_4) AppleWebKit/537.36 (KHTML, like Gecko) Chrome/36.0.1985.143 Safari/537.36"""
2018-11-24 03:17:57.796	88	paid			888	Sacramento--Roseville--Arden-Arcade, CA	"""Mozilla/5.0 (Macintosh; Intel Mac OS X 10_9_4) AppleWebKit/537.36 (KHTML, like Gecko) Chrome/36.0.1985.143 Safari/537.36"""
2018-11-24 03:20:16.796	88	paid			888	Sacramento--Roseville--Arden-Arcade, CA	"""Mozilla/5.0 (Macintosh; Intel Mac OS X 10_9_4) AppleWebKit/537.36 (KHTML, like Gecko) Chrome/36.0.1985.143 Safari/537.36"""
2018-11-24 03:24:36.796	88	paid			888	Sacramento--Roseville--Arden-Arcade, CA	"""Mozilla/5.0 (Macintosh; Intel Mac OS X 10_9_4) AppleWebKit/537.36 (KHTML, like Gecko) Chrome/36.0.1985.143 Safari/537.36"""
2018-11-24 03:28:42.796	88	paid			888	Sacramento--Roseville--Arden-Arcade, CA	"""Mozilla/5.0 (Macintosh; Intel Mac OS X 10_9_4) AppleWebKit/537.36 (KHTML, like Gecko) Chrome/36.0.1985.143 Safari/537.36"""
2018-11-24 03:32:05.796	88	paid			888	Sacramento--Roseville--Arden-Arcade, CA	"""Mozilla/5.0 (Macintosh; Intel Mac OS X 10_9_4) AppleWebKit/537.36 (KHTML, like Gecko) Chrome/36.0.1985.143 Safari/537.36"""
2018-11-24 03:35:27.796	88	paid			888	Sacramento--Roseville--Arden-Arcade, CA	"""Mozilla/5.0 (Macintosh; Intel Mac OS X 10_9_4) AppleWebKit/537.36 (KHTML, like Gecko) Chrome/36.0.1985.143 Safari/537.36"""
2018-11-24 03:44:30.796	88	paid			888	Sacramento--Roseville--Arden-Arcade, CA	"""Mozilla/5.0 (Macintosh; Intel Mac OS X 10_9_4) AppleWebKit/537.36 (KHTML, like Gecko) Chrome/36.0.1985.143 Safari/537.36"""
2018-11-24 03:48:21.796	88	paid			888	Sacramento--Roseville--Arden-Arcade, CA	"""Mozilla/5.0 (Macintosh; Intel Mac OS X 10_9_4) AppleWebKit/537.36 (KHTML, like Gecko) Chrome/36.0.1985.143 Safari/537.36"""
2018-11-24 03:53:44.796	88	paid			888	Sacramento--Roseville--Arden-Arcade, CA	"""Mozilla/5.0 (Macintosh; Intel Mac OS X 10_9_4) AppleWebKit/537.36 (KHTML, like Gecko) Chrome/36.0.1985.143 Safari/537.36"""
2018-11-24 03:58:11.796	88	paid			888	Sacramento--Roseville--Arden-Arcade, CA	"""Mozilla/5.0 (Macintosh; Intel Mac OS X 10_9_4) AppleWebKit/537.36 (KHTML, like Gecko) Chrome/36.0.1985.143 Safari/537.36"""
2018-11-24 04:03:02.796	88	paid			888	Sacramento--Roseville--Arden-Arcade, CA	"""Mozilla/5.0 (Macintosh; Intel Mac OS X 10_9_4) AppleWebKit/537.36 (KHTML, like Gecko) Chrome/36.0.1985.143 Safari/537.36"""
2018-11-24 04:09:49.796	88	paid			888	Sacramento--Roseville--Arden-Arcade, CA	"""Mozilla/5.0 (Macintosh; Intel Mac OS X 10_9_4) AppleWebKit/537.36 (KHTML, like Gecko) Chrome/36.0.1985.143 Safari/537.36"""
2018-11-24 04:12:54.796	29	paid			709	Atlanta-Sandy Springs-Roswell, GA	"""Mozilla/5.0 (Macintosh; Intel Mac OS X 10_9_4) AppleWebKit/537.78.2 (KHTML, like Gecko) Version/7.0.6 Safari/537.78.2"""
2018-11-24 04:15:14.796	88	paid			888	Sacramento--Roseville--Arden-Arcade, CA	"""Mozilla/5.0 (Macintosh; Intel Mac OS X 10_9_4) AppleWebKit/537.36 (KHTML, like Gecko) Chrome/36.0.1985.143 Safari/537.36"""
2018-11-24 04:17:20.796	29	paid			709	Atlanta-Sandy Springs-Roswell, GA	"""Mozilla/5.0 (Macintosh; Intel Mac OS X 10_9_4) AppleWebKit/537.78.2 (KHTML, like Gecko) Version/7.0.6 Safari/537.78.2"""
2018-11-24 04:19:28.796	88	paid			888	Sacramento--Roseville--Arden-Arcade, CA	"""Mozilla/5.0 (Macintosh; Intel Mac OS X 10_9_4) AppleWebKit/537.36 (KHTML, like Gecko) Chrome/36.0.1985.143 Safari/537.36"""
2018-11-24 04:20:48.796	29	paid			709	Atlanta-Sandy Springs-Roswell, GA	"""Mozilla/5.0 (Macintosh; Intel Mac OS X 10_9_4) AppleWebKit/537.78.2 (KHTML, like Gecko) Version/7.0.6 Safari/537.78.2"""
2018-11-24 04:23:57.796	29	paid			709	Atlanta-Sandy Springs-Roswell, GA	"""Mozilla/5.0 (Macintosh; Intel Mac OS X 10_9_4) AppleWebKit/537.78.2 (KHTML, like Gecko) Version/7.0.6 Safari/537.78.2"""
2018-11-24 04:25:38.796	26	free			896	San Jose-Sunnyvale-Santa Clara, CA	"""Mozilla/5.0 (X11; Linux x86_64) AppleWebKit/537.36 (KHTML, like Gecko) Ubuntu Chromium/36.0.1985.125 Chrome/36.0.1985.125 Safari/537.36"""
2018-11-24 04:26:04.796	88	paid			888	Sacramento--Roseville--Arden-Arcade, CA	"""Mozilla/5.0 (Macintosh; Intel Mac OS X 10_9_4) AppleWebKit/537.36 (KHTML, like Gecko) Chrome/36.0.1985.143 Safari/537.36"""
2018-11-24 04:26:55.796	29	paid			709	Atlanta-Sandy Springs-Roswell, GA	"""Mozilla/5.0 (Macintosh; Intel Mac OS X 10_9_4) AppleWebKit/537.78.2 (KHTML, like Gecko) Version/7.0.6 Safari/537.78.2"""
2018-11-24 04:29:50.796	88	paid			888	Sacramento--Roseville--Arden-Arcade, CA	"""Mozilla/5.0 (Macintosh; Intel Mac OS X 10_9_4) AppleWebKit/537.36 (KHTML, like Gecko) Chrome/36.0.1985.143 Safari/537.36"""
2018-11-24 04:29:57.796	26	free			896	San Jose-Sunnyvale-Santa Clara, CA	"""Mozilla/5.0 (X11; Linux x86_64) AppleWebKit/537.36 (KHTML, like Gecko) Ubuntu Chromium/36.0.1985.125 Chrome/36.0.1985.125 Safari/537.36"""
2018-11-24 04:30:25.796	88	paid			888	Sacramento--Roseville--Arden-Arcade, CA	"""Mozilla/5.0 (Macintosh; Intel Mac OS X 10_9_4) AppleWebKit/537.36 (KHTML, like Gecko) Chrome/36.0.1985.143 Safari/537.36"""
2018-11-24 04:31:30.796	29	paid			709	Atlanta-Sandy Springs-Roswell, GA	"""Mozilla/5.0 (Macintosh; Intel Mac OS X 10_9_4) AppleWebKit/537.78.2 (KHTML, like Gecko) Version/7.0.6 Safari/537.78.2"""
2018-11-24 04:33:20.796	26	free			896	San Jose-Sunnyvale-Santa Clara, CA	"""Mozilla/5.0 (X11; Linux x86_64) AppleWebKit/537.36 (KHTML, like Gecko) Ubuntu Chromium/36.0.1985.125 Chrome/36.0.1985.125 Safari/537.36"""
2018-11-24 04:34:19.796	88	paid			888	Sacramento--Roseville--Arden-Arcade, CA	"""Mozilla/5.0 (Macintosh; Intel Mac OS X 10_9_4) AppleWebKit/537.36 (KHTML, like Gecko) Chrome/36.0.1985.143 Safari/537.36"""
2018-11-24 04:38:54.796	88	paid			888	Sacramento--Roseville--Arden-Arcade, CA	"""Mozilla/5.0 (Macintosh; Intel Mac OS X 10_9_4) AppleWebKit/537.36 (KHTML, like Gecko) Chrome/36.0.1985.143 Safari/537.36"""
2018-11-24 04:42:00.796	88	paid			888	Sacramento--Roseville--Arden-Arcade, CA	"""Mozilla/5.0 (Macintosh; Intel Mac OS X 10_9_4) AppleWebKit/537.36 (KHTML, like Gecko) Chrome/36.0.1985.143 Safari/537.36"""
2018-11-24 04:46:09.796	88	paid			888	Sacramento--Roseville--Arden-Arcade, CA	"""Mozilla/5.0 (Macintosh; Intel Mac OS X 10_9_4) AppleWebKit/537.36 (KHTML, like Gecko) Chrome/36.0.1985.143 Safari/537.36"""
2018-11-24 04:50:24.796	88	paid			888	Sacramento--Roseville--Arden-Arcade, CA	"""Mozilla/5.0 (Macintosh; Intel Mac OS X 10_9_4) AppleWebKit/537.36 (KHTML, like Gecko) Chrome/36.0.1985.143 Safari/537.36"""
2018-11-24 04:53:39.796	88	paid			888	Sacramento--Roseville--Arden-Arcade, CA	"""Mozilla/5.0 (Macintosh; Intel Mac OS X 10_9_4) AppleWebKit/537.36 (KHTML, like Gecko) Chrome/36.0.1985.143 Safari/537.36"""
2018-11-24 04:57:53.796	88	paid			888	Sacramento--Roseville--Arden-Arcade, CA	"""Mozilla/5.0 (Macintosh; Intel Mac OS X 10_9_4) AppleWebKit/537.36 (KHTML, like Gecko) Chrome/36.0.1985.143 Safari/537.36"""
2018-11-24 05:01:06.796	88	paid			888	Sacramento--Roseville--Arden-Arcade, CA	"""Mozilla/5.0 (Macintosh; Intel Mac OS X 10_9_4) AppleWebKit/537.36 (KHTML, like Gecko) Chrome/36.0.1985.143 Safari/537.36"""
2018-11-24 05:04:53.796	88	paid			888	Sacramento--Roseville--Arden-Arcade, CA	"""Mozilla/5.0 (Macintosh; Intel Mac OS X 10_9_4) AppleWebKit/537.36 (KHTML, like Gecko) Chrome/36.0.1985.143 Safari/537.36"""
2018-11-24 05:08:52.796	88	paid			888	Sacramento--Roseville--Arden-Arcade, CA	"""Mozilla/5.0 (Macintosh; Intel Mac OS X 10_9_4) AppleWebKit/537.36 (KHTML, like Gecko) Chrome/36.0.1985.143 Safari/537.36"""
2018-11-24 05:13:28.796	88	paid			888	Sacramento--Roseville--Arden-Arcade, CA	"""Mozilla/5.0 (Macintosh; Intel Mac OS X 10_9_4) AppleWebKit/537.36 (KHTML, like Gecko) Chrome/36.0.1985.143 Safari/537.36"""
2018-11-24 05:16:48.796	88	paid			888	Sacramento--Roseville--Arden-Arcade, CA	"""Mozilla/5.0 (Macintosh; Intel Mac OS X 10_9_4) AppleWebKit/537.36 (KHTML, like Gecko) Chrome/36.0.1985.143 Safari/537.36"""
2018-11-24 05:22:03.796	88	paid			888	Sacramento--Roseville--Arden-Arcade, CA	"""Mozilla/5.0 (Macintosh; Intel Mac OS X 10_9_4) AppleWebKit/537.36 (KHTML, like Gecko) Chrome/36.0.1985.143 Safari/537.36"""
2018-11-24 05:25:08.796	88	paid			888	Sacramento--Roseville--Arden-Arcade, CA	"""Mozilla/5.0 (Macintosh; Intel Mac OS X 10_9_4) AppleWebKit/537.36 (KHTML, like Gecko) Chrome/36.0.1985.143 Safari/537.36"""
2018-11-24 05:28:36.796	88	paid			888	Sacramento--Roseville--Arden-Arcade, CA	"""Mozilla/5.0 (Macintosh; Intel Mac OS X 10_9_4) AppleWebKit/537.36 (KHTML, like Gecko) Chrome/36.0.1985.143 Safari/537.36"""
2018-11-24 05:32:06.796	88	paid			888	Sacramento--Roseville--Arden-Arcade, CA	"""Mozilla/5.0 (Macintosh; Intel Mac OS X 10_9_4) AppleWebKit/537.36 (KHTML, like Gecko) Chrome/36.0.1985.143 Safari/537.36"""
2018-11-24 05:34:55.796	88	paid			888	Sacramento--Roseville--Arden-Arcade, CA	"""Mozilla/5.0 (Macintosh; Intel Mac OS X 10_9_4) AppleWebKit/537.36 (KHTML, like Gecko) Chrome/36.0.1985.143 Safari/537.36"""
2018-11-24 05:39:42.796	88	paid			888	Sacramento--Roseville--Arden-Arcade, CA	"""Mozilla/5.0 (Macintosh; Intel Mac OS X 10_9_4) AppleWebKit/537.36 (KHTML, like Gecko) Chrome/36.0.1985.143 Safari/537.36"""
2018-11-24 05:43:05.796	88	paid			888	Sacramento--Roseville--Arden-Arcade, CA	"""Mozilla/5.0 (Macintosh; Intel Mac OS X 10_9_4) AppleWebKit/537.36 (KHTML, like Gecko) Chrome/36.0.1985.143 Safari/537.36"""
2018-11-24 05:46:44.796	88	paid			888	Sacramento--Roseville--Arden-Arcade, CA	"""Mozilla/5.0 (Macintosh; Intel Mac OS X 10_9_4) AppleWebKit/537.36 (KHTML, like Gecko) Chrome/36.0.1985.143 Safari/537.36"""
2018-11-24 05:50:21.796	88	paid			888	Sacramento--Roseville--Arden-Arcade, CA	"""Mozilla/5.0 (Macintosh; Intel Mac OS X 10_9_4) AppleWebKit/537.36 (KHTML, like Gecko) Chrome/36.0.1985.143 Safari/537.36"""
2018-11-24 05:58:12.796	88	paid			888	Sacramento--Roseville--Arden-Arcade, CA	"""Mozilla/5.0 (Macintosh; Intel Mac OS X 10_9_4) AppleWebKit/537.36 (KHTML, like Gecko) Chrome/36.0.1985.143 Safari/537.36"""
2018-11-24 06:04:00.796	88	paid			888	Sacramento--Roseville--Arden-Arcade, CA	"""Mozilla/5.0 (Macintosh; Intel Mac OS X 10_9_4) AppleWebKit/537.36 (KHTML, like Gecko) Chrome/36.0.1985.143 Safari/537.36"""
2018-11-24 06:04:40.796	80	paid			893	Portland-South Portland, ME	"""Mozilla/5.0 (Macintosh; Intel Mac OS X 10_9_4) AppleWebKit/537.36 (KHTML, like Gecko) Chrome/36.0.1985.143 Safari/537.36"""
2018-11-24 06:06:38.796	88	paid			888	Sacramento--Roseville--Arden-Arcade, CA	"""Mozilla/5.0 (Macintosh; Intel Mac OS X 10_9_4) AppleWebKit/537.36 (KHTML, like Gecko) Chrome/36.0.1985.143 Safari/537.36"""
2018-11-24 06:09:16.796	80	paid			893	Portland-South Portland, ME	"""Mozilla/5.0 (Macintosh; Intel Mac OS X 10_9_4) AppleWebKit/537.36 (KHTML, like Gecko) Chrome/36.0.1985.143 Safari/537.36"""
2018-11-24 06:11:47.796	88	paid			888	Sacramento--Roseville--Arden-Arcade, CA	"""Mozilla/5.0 (Macintosh; Intel Mac OS X 10_9_4) AppleWebKit/537.36 (KHTML, like Gecko) Chrome/36.0.1985.143 Safari/537.36"""
2018-11-24 06:13:49.796	80	paid			893	Portland-South Portland, ME	"""Mozilla/5.0 (Macintosh; Intel Mac OS X 10_9_4) AppleWebKit/537.36 (KHTML, like Gecko) Chrome/36.0.1985.143 Safari/537.36"""
2018-11-24 06:14:53.796	88	paid			888	Sacramento--Roseville--Arden-Arcade, CA	"""Mozilla/5.0 (Macintosh; Intel Mac OS X 10_9_4) AppleWebKit/537.36 (KHTML, like Gecko) Chrome/36.0.1985.143 Safari/537.36"""
2018-11-24 06:17:29.796	80	paid			893	Portland-South Portland, ME	"""Mozilla/5.0 (Macintosh; Intel Mac OS X 10_9_4) AppleWebKit/537.36 (KHTML, like Gecko) Chrome/36.0.1985.143 Safari/537.36"""
2018-11-24 06:21:07.796	88	paid			888	Sacramento--Roseville--Arden-Arcade, CA	"""Mozilla/5.0 (Macintosh; Intel Mac OS X 10_9_4) AppleWebKit/537.36 (KHTML, like Gecko) Chrome/36.0.1985.143 Safari/537.36"""
2018-11-24 06:21:28.796	80	paid			893	Portland-South Portland, ME	"""Mozilla/5.0 (Macintosh; Intel Mac OS X 10_9_4) AppleWebKit/537.36 (KHTML, like Gecko) Chrome/36.0.1985.143 Safari/537.36"""
2018-11-24 06:24:26.796	88	paid			888	Sacramento--Roseville--Arden-Arcade, CA	"""Mozilla/5.0 (Macintosh; Intel Mac OS X 10_9_4) AppleWebKit/537.36 (KHTML, like Gecko) Chrome/36.0.1985.143 Safari/537.36"""
2018-11-24 06:25:09.796	80	paid			893	Portland-South Portland, ME	"""Mozilla/5.0 (Macintosh; Intel Mac OS X 10_9_4) AppleWebKit/537.36 (KHTML, like Gecko) Chrome/36.0.1985.143 Safari/537.36"""
2018-11-24 06:27:56.796	69	free			890	Philadelphia-Camden-Wilmington, PA-NJ-DE-MD	"""Mozilla/5.0 (Macintosh; Intel Mac OS X 10_9_4) AppleWebKit/537.36 (KHTML, like Gecko) Chrome/36.0.1985.125 Safari/537.36"""
2018-11-24 06:29:28.796	80	paid			893	Portland-South Portland, ME	"""Mozilla/5.0 (Macintosh; Intel Mac OS X 10_9_4) AppleWebKit/537.36 (KHTML, like Gecko) Chrome/36.0.1985.143 Safari/537.36"""
2018-11-24 06:32:00.796	69	free			890	Philadelphia-Camden-Wilmington, PA-NJ-DE-MD	"""Mozilla/5.0 (Macintosh; Intel Mac OS X 10_9_4) AppleWebKit/537.36 (KHTML, like Gecko) Chrome/36.0.1985.125 Safari/537.36"""
2018-11-24 06:35:28.796	80	paid			893	Portland-South Portland, ME	"""Mozilla/5.0 (Macintosh; Intel Mac OS X 10_9_4) AppleWebKit/537.36 (KHTML, like Gecko) Chrome/36.0.1985.143 Safari/537.36"""
2018-11-24 06:36:07.796	69	free			890	Philadelphia-Camden-Wilmington, PA-NJ-DE-MD	"""Mozilla/5.0 (Macintosh; Intel Mac OS X 10_9_4) AppleWebKit/537.36 (KHTML, like Gecko) Chrome/36.0.1985.125 Safari/537.36"""
2018-11-24 06:39:48.796	80	paid			893	Portland-South Portland, ME	"""Mozilla/5.0 (Macintosh; Intel Mac OS X 10_9_4) AppleWebKit/537.36 (KHTML, like Gecko) Chrome/36.0.1985.143 Safari/537.36"""
2018-11-24 06:48:30.796	80	paid			893	Portland-South Portland, ME	"""Mozilla/5.0 (Macintosh; Intel Mac OS X 10_9_4) AppleWebKit/537.36 (KHTML, like Gecko) Chrome/36.0.1985.143 Safari/537.36"""
2018-11-24 06:50:47.796	80	paid			893	Portland-South Portland, ME	"""Mozilla/5.0 (Macintosh; Intel Mac OS X 10_9_4) AppleWebKit/537.36 (KHTML, like Gecko) Chrome/36.0.1985.143 Safari/537.36"""
2018-11-24 06:56:28.796	80	paid			893	Portland-South Portland, ME	"""Mozilla/5.0 (Macintosh; Intel Mac OS X 10_9_4) AppleWebKit/537.36 (KHTML, like Gecko) Chrome/36.0.1985.143 Safari/537.36"""
2018-11-24 06:58:52.796	68	free			843	Los Angeles-Long Beach-Anaheim, CA	Mozilla/5.0 (Windows NT 6.1; WOW64; rv:31.0) Gecko/20100101 Firefox/31.0
2018-11-24 07:00:22.796	80	paid			893	Portland-South Portland, ME	"""Mozilla/5.0 (Macintosh; Intel Mac OS X 10_9_4) AppleWebKit/537.36 (KHTML, like Gecko) Chrome/36.0.1985.143 Safari/537.36"""
2018-11-24 07:04:26.796	80	paid			893	Portland-South Portland, ME	"""Mozilla/5.0 (Macintosh; Intel Mac OS X 10_9_4) AppleWebKit/537.36 (KHTML, like Gecko) Chrome/36.0.1985.143 Safari/537.36"""
2018-11-24 07:09:34.796	80	paid			893	Portland-South Portland, ME	"""Mozilla/5.0 (Macintosh; Intel Mac OS X 10_9_4) AppleWebKit/537.36 (KHTML, like Gecko) Chrome/36.0.1985.143 Safari/537.36"""
2018-11-24 07:12:53.796	80	paid			893	Portland-South Portland, ME	"""Mozilla/5.0 (Macintosh; Intel Mac OS X 10_9_4) AppleWebKit/537.36 (KHTML, like Gecko) Chrome/36.0.1985.143 Safari/537.36"""
2018-11-24 07:18:14.796	80	paid			893	Portland-South Portland, ME	"""Mozilla/5.0 (Macintosh; Intel Mac OS X 10_9_4) AppleWebKit/537.36 (KHTML, like Gecko) Chrome/36.0.1985.143 Safari/537.36"""
2018-11-24 07:21:58.796	80	paid			893	Portland-South Portland, ME	"""Mozilla/5.0 (Macintosh; Intel Mac OS X 10_9_4) AppleWebKit/537.36 (KHTML, like Gecko) Chrome/36.0.1985.143 Safari/537.36"""
2018-11-24 07:28:13.796	80	paid			893	Portland-South Portland, ME	"""Mozilla/5.0 (Macintosh; Intel Mac OS X 10_9_4) AppleWebKit/537.36 (KHTML, like Gecko) Chrome/36.0.1985.143 Safari/537.36"""
2018-11-24 08:35:19.796	92	free			825	Palestine, TX	Mozilla/5.0 (Macintosh; Intel Mac OS X 10.9; rv:31.0) Gecko/20100101 Firefox/31.0
2018-11-24 10:53:11.796	86	free			892	La Crosse-Onalaska, WI-MN	"""Mozilla/5.0 (Macintosh; Intel Mac OS X 10_9_4) AppleWebKit/537.36 (KHTML, like Gecko) Chrome/37.0.2062.94 Safari/537.36"""
2018-11-24 10:58:43.796	86	free			892	La Crosse-Onalaska, WI-MN	"""Mozilla/5.0 (Macintosh; Intel Mac OS X 10_9_4) AppleWebKit/537.36 (KHTML, like Gecko) Chrome/37.0.2062.94 Safari/537.36"""
2018-11-24 11:05:40.796	86	free			892	La Crosse-Onalaska, WI-MN	"""Mozilla/5.0 (Macintosh; Intel Mac OS X 10_9_4) AppleWebKit/537.36 (KHTML, like Gecko) Chrome/37.0.2062.94 Safari/537.36"""
2018-11-24 11:16:17.796	80	paid			903	Portland-South Portland, ME	"""Mozilla/5.0 (Macintosh; Intel Mac OS X 10_9_4) AppleWebKit/537.36 (KHTML, like Gecko) Chrome/36.0.1985.143 Safari/537.36"""
2018-11-24 11:19:06.796	80	paid			903	Portland-South Portland, ME	"""Mozilla/5.0 (Macintosh; Intel Mac OS X 10_9_4) AppleWebKit/537.36 (KHTML, like Gecko) Chrome/36.0.1985.143 Safari/537.36"""
2018-11-24 11:24:01.796	80	paid			903	Portland-South Portland, ME	"""Mozilla/5.0 (Macintosh; Intel Mac OS X 10_9_4) AppleWebKit/537.36 (KHTML, like Gecko) Chrome/36.0.1985.143 Safari/537.36"""
2018-11-24 11:29:49.796	80	paid			903	Portland-South Portland, ME	"""Mozilla/5.0 (Macintosh; Intel Mac OS X 10_9_4) AppleWebKit/537.36 (KHTML, like Gecko) Chrome/36.0.1985.143 Safari/537.36"""
2018-11-24 11:32:49.796	80	paid			903	Portland-South Portland, ME	"""Mozilla/5.0 (Macintosh; Intel Mac OS X 10_9_4) AppleWebKit/537.36 (KHTML, like Gecko) Chrome/36.0.1985.143 Safari/537.36"""
2018-11-24 11:39:38.796	23	free			841	Raleigh, NC	"""Mozilla/5.0 (iPhone; CPU iPhone OS 7_1_1 like Mac OS X) AppleWebKit/537.51.2 (KHTML, like Gecko) Version/7.0 Mobile/11D201 Safari/9537.53"""
2018-11-24 11:42:21.796	80	paid			903	Portland-South Portland, ME	"""Mozilla/5.0 (Macintosh; Intel Mac OS X 10_9_4) AppleWebKit/537.36 (KHTML, like Gecko) Chrome/36.0.1985.143 Safari/537.36"""
2018-11-24 11:47:58.796	80	paid			903	Portland-South Portland, ME	"""Mozilla/5.0 (Macintosh; Intel Mac OS X 10_9_4) AppleWebKit/537.36 (KHTML, like Gecko) Chrome/36.0.1985.143 Safari/537.36"""
2018-11-24 11:52:16.796	80	paid			903	Portland-South Portland, ME	"""Mozilla/5.0 (Macintosh; Intel Mac OS X 10_9_4) AppleWebKit/537.36 (KHTML, like Gecko) Chrome/36.0.1985.143 Safari/537.36"""
2018-11-24 11:53:38.796	13	free			422	London, KY	"""Mozilla/5.0 (Windows NT 6.1; WOW64) AppleWebKit/537.36 (KHTML, like Gecko) Chrome/37.0.2062.102 Safari/537.36"""
2018-11-24 11:54:01.796	80	paid			903	Portland-South Portland, ME	"""Mozilla/5.0 (Macintosh; Intel Mac OS X 10_9_4) AppleWebKit/537.36 (KHTML, like Gecko) Chrome/36.0.1985.143 Safari/537.36"""
2018-11-24 11:58:33.796	80	paid			903	Portland-South Portland, ME	"""Mozilla/5.0 (Macintosh; Intel Mac OS X 10_9_4) AppleWebKit/537.36 (KHTML, like Gecko) Chrome/36.0.1985.143 Safari/537.36"""
2018-11-24 12:01:34.796	80	paid			903	Portland-South Portland, ME	"""Mozilla/5.0 (Macintosh; Intel Mac OS X 10_9_4) AppleWebKit/537.36 (KHTML, like Gecko) Chrome/36.0.1985.143 Safari/537.36"""
2018-11-24 12:05:52.796	80	paid			903	Portland-South Portland, ME	"""Mozilla/5.0 (Macintosh; Intel Mac OS X 10_9_4) AppleWebKit/537.36 (KHTML, like Gecko) Chrome/36.0.1985.143 Safari/537.36"""
2018-11-24 12:09:34.796	95	paid			564	Winston-Salem, NC	"""Mozilla/5.0 (iPhone; CPU iPhone OS 7_1_2 like Mac OS X) AppleWebKit/537.51.2 (KHTML, like Gecko) Version/7.0 Mobile/11D257 Safari/9537.53"""
2018-11-24 12:09:53.796	80	paid			903	Portland-South Portland, ME	"""Mozilla/5.0 (Macintosh; Intel Mac OS X 10_9_4) AppleWebKit/537.36 (KHTML, like Gecko) Chrome/36.0.1985.143 Safari/537.36"""
2018-11-24 12:13:14.796	80	paid			903	Portland-South Portland, ME	"""Mozilla/5.0 (Macintosh; Intel Mac OS X 10_9_4) AppleWebKit/537.36 (KHTML, like Gecko) Chrome/36.0.1985.143 Safari/537.36"""
2018-11-24 12:13:17.796	95	paid			564	Winston-Salem, NC	"""Mozilla/5.0 (iPhone; CPU iPhone OS 7_1_2 like Mac OS X) AppleWebKit/537.51.2 (KHTML, like Gecko) Version/7.0 Mobile/11D257 Safari/9537.53"""
2018-11-24 12:15:27.796	67	free			807	Nashville-Davidson--Murfreesboro--Franklin, TN	"""Mozilla/5.0 (Macintosh; Intel Mac OS X 10_9_4) AppleWebKit/537.36 (KHTML, like Gecko) Chrome/36.0.1985.125 Safari/537.36"""
2018-11-24 12:15:28.796	80	paid			903	Portland-South Portland, ME	"""Mozilla/5.0 (Macintosh; Intel Mac OS X 10_9_4) AppleWebKit/537.36 (KHTML, like Gecko) Chrome/36.0.1985.143 Safari/537.36"""
2018-11-24 12:16:19.796	67	free			807	Nashville-Davidson--Murfreesboro--Franklin, TN	"""Mozilla/5.0 (Macintosh; Intel Mac OS X 10_9_4) AppleWebKit/537.36 (KHTML, like Gecko) Chrome/36.0.1985.125 Safari/537.36"""
2018-11-24 12:17:27.796	95	paid			564	Winston-Salem, NC	"""Mozilla/5.0 (iPhone; CPU iPhone OS 7_1_2 like Mac OS X) AppleWebKit/537.51.2 (KHTML, like Gecko) Version/7.0 Mobile/11D257 Safari/9537.53"""
2018-11-24 12:19:32.796	95	paid			564	Winston-Salem, NC	"""Mozilla/5.0 (iPhone; CPU iPhone OS 7_1_2 like Mac OS X) AppleWebKit/537.51.2 (KHTML, like Gecko) Version/7.0 Mobile/11D257 Safari/9537.53"""
2018-11-24 12:21:29.796	80	paid			903	Portland-South Portland, ME	"""Mozilla/5.0 (Macintosh; Intel Mac OS X 10_9_4) AppleWebKit/537.36 (KHTML, like Gecko) Chrome/36.0.1985.143 Safari/537.36"""
2018-11-24 12:21:55.796	67	free			807	Nashville-Davidson--Murfreesboro--Franklin, TN	"""Mozilla/5.0 (Macintosh; Intel Mac OS X 10_9_4) AppleWebKit/537.36 (KHTML, like Gecko) Chrome/36.0.1985.125 Safari/537.36"""
2018-11-24 12:23:29.796	95	paid			564	Winston-Salem, NC	"""Mozilla/5.0 (iPhone; CPU iPhone OS 7_1_2 like Mac OS X) AppleWebKit/537.51.2 (KHTML, like Gecko) Version/7.0 Mobile/11D257 Safari/9537.53"""
2018-11-24 12:25:10.796	80	paid			903	Portland-South Portland, ME	"""Mozilla/5.0 (Macintosh; Intel Mac OS X 10_9_4) AppleWebKit/537.36 (KHTML, like Gecko) Chrome/36.0.1985.143 Safari/537.36"""
2018-11-24 12:25:45.796	67	free			807	Nashville-Davidson--Murfreesboro--Franklin, TN	"""Mozilla/5.0 (Macintosh; Intel Mac OS X 10_9_4) AppleWebKit/537.36 (KHTML, like Gecko) Chrome/36.0.1985.125 Safari/537.36"""
2018-11-24 12:25:55.796	95	paid			564	Winston-Salem, NC	"""Mozilla/5.0 (iPhone; CPU iPhone OS 7_1_2 like Mac OS X) AppleWebKit/537.51.2 (KHTML, like Gecko) Version/7.0 Mobile/11D257 Safari/9537.53"""
2018-11-24 12:29:29.796	80	paid			903	Portland-South Portland, ME	"""Mozilla/5.0 (Macintosh; Intel Mac OS X 10_9_4) AppleWebKit/537.36 (KHTML, like Gecko) Chrome/36.0.1985.143 Safari/537.36"""
2018-11-24 12:29:37.796	95	paid			564	Winston-Salem, NC	"""Mozilla/5.0 (iPhone; CPU iPhone OS 7_1_2 like Mac OS X) AppleWebKit/537.51.2 (KHTML, like Gecko) Version/7.0 Mobile/11D257 Safari/9537.53"""
2018-11-24 12:30:12.796	73	paid			692	Tampa-St. Petersburg-Clearwater, FL	"""Mozilla/5.0 (Macintosh; Intel Mac OS X 10_9_4) AppleWebKit/537.78.2 (KHTML, like Gecko) Version/7.0.6 Safari/537.78.2"""
2018-11-24 12:30:39.796	67	free			807	Nashville-Davidson--Murfreesboro--Franklin, TN	"""Mozilla/5.0 (Macintosh; Intel Mac OS X 10_9_4) AppleWebKit/537.36 (KHTML, like Gecko) Chrome/36.0.1985.125 Safari/537.36"""
2018-11-24 12:32:57.796	80	paid			903	Portland-South Portland, ME	"""Mozilla/5.0 (Macintosh; Intel Mac OS X 10_9_4) AppleWebKit/537.36 (KHTML, like Gecko) Chrome/36.0.1985.143 Safari/537.36"""
2018-11-24 12:34:17.796	95	paid			564	Winston-Salem, NC	"""Mozilla/5.0 (iPhone; CPU iPhone OS 7_1_2 like Mac OS X) AppleWebKit/537.51.2 (KHTML, like Gecko) Version/7.0 Mobile/11D257 Safari/9537.53"""
2018-11-24 12:34:38.796	73	paid			692	Tampa-St. Petersburg-Clearwater, FL	"""Mozilla/5.0 (Macintosh; Intel Mac OS X 10_9_4) AppleWebKit/537.78.2 (KHTML, like Gecko) Version/7.0.6 Safari/537.78.2"""
2018-11-24 12:36:21.796	80	paid			903	Portland-South Portland, ME	"""Mozilla/5.0 (Macintosh; Intel Mac OS X 10_9_4) AppleWebKit/537.36 (KHTML, like Gecko) Chrome/36.0.1985.143 Safari/537.36"""
2018-11-24 12:37:52.796	95	paid			564	Winston-Salem, NC	"""Mozilla/5.0 (iPhone; CPU iPhone OS 7_1_2 like Mac OS X) AppleWebKit/537.51.2 (KHTML, like Gecko) Version/7.0 Mobile/11D257 Safari/9537.53"""
2018-11-24 12:38:09.796	73	paid			692	Tampa-St. Petersburg-Clearwater, FL	"""Mozilla/5.0 (Macintosh; Intel Mac OS X 10_9_4) AppleWebKit/537.78.2 (KHTML, like Gecko) Version/7.0.6 Safari/537.78.2"""
2018-11-24 12:40:32.796	95	paid			564	Winston-Salem, NC	"""Mozilla/5.0 (iPhone; CPU iPhone OS 7_1_2 like Mac OS X) AppleWebKit/537.51.2 (KHTML, like Gecko) Version/7.0 Mobile/11D257 Safari/9537.53"""
2018-11-24 12:42:57.796	80	paid			903	Portland-South Portland, ME	"""Mozilla/5.0 (Macintosh; Intel Mac OS X 10_9_4) AppleWebKit/537.36 (KHTML, like Gecko) Chrome/36.0.1985.143 Safari/537.36"""
2018-11-24 12:43:00.796	73	paid			692	Tampa-St. Petersburg-Clearwater, FL	"""Mozilla/5.0 (Macintosh; Intel Mac OS X 10_9_4) AppleWebKit/537.78.2 (KHTML, like Gecko) Version/7.0.6 Safari/537.78.2"""
2018-11-24 12:45:19.796	95	paid			564	Winston-Salem, NC	"""Mozilla/5.0 (iPhone; CPU iPhone OS 7_1_2 like Mac OS X) AppleWebKit/537.51.2 (KHTML, like Gecko) Version/7.0 Mobile/11D257 Safari/9537.53"""
2018-11-24 12:47:31.796	73	paid			692	Tampa-St. Petersburg-Clearwater, FL	"""Mozilla/5.0 (Macintosh; Intel Mac OS X 10_9_4) AppleWebKit/537.78.2 (KHTML, like Gecko) Version/7.0.6 Safari/537.78.2"""
2018-11-24 12:47:58.796	80	paid			903	Portland-South Portland, ME	"""Mozilla/5.0 (Macintosh; Intel Mac OS X 10_9_4) AppleWebKit/537.36 (KHTML, like Gecko) Chrome/36.0.1985.143 Safari/537.36"""
2018-11-24 12:48:07.796	73	paid			692	Tampa-St. Petersburg-Clearwater, FL	"""Mozilla/5.0 (Macintosh; Intel Mac OS X 10_9_4) AppleWebKit/537.78.2 (KHTML, like Gecko) Version/7.0.6 Safari/537.78.2"""
2018-11-24 12:49:25.796	95	paid			564	Winston-Salem, NC	"""Mozilla/5.0 (iPhone; CPU iPhone OS 7_1_2 like Mac OS X) AppleWebKit/537.51.2 (KHTML, like Gecko) Version/7.0 Mobile/11D257 Safari/9537.53"""
2018-11-24 12:51:56.796	73	paid			692	Tampa-St. Petersburg-Clearwater, FL	"""Mozilla/5.0 (Macintosh; Intel Mac OS X 10_9_4) AppleWebKit/537.78.2 (KHTML, like Gecko) Version/7.0.6 Safari/537.78.2"""
2018-11-24 12:52:12.796	80	paid			903	Portland-South Portland, ME	"""Mozilla/5.0 (Macintosh; Intel Mac OS X 10_9_4) AppleWebKit/537.36 (KHTML, like Gecko) Chrome/36.0.1985.143 Safari/537.36"""
2018-11-24 12:53:51.796	95	paid			564	Winston-Salem, NC	"""Mozilla/5.0 (iPhone; CPU iPhone OS 7_1_2 like Mac OS X) AppleWebKit/537.51.2 (KHTML, like Gecko) Version/7.0 Mobile/11D257 Safari/9537.53"""
2018-11-24 12:56:52.796	73	paid			692	Tampa-St. Petersburg-Clearwater, FL	"""Mozilla/5.0 (Macintosh; Intel Mac OS X 10_9_4) AppleWebKit/537.78.2 (KHTML, like Gecko) Version/7.0.6 Safari/537.78.2"""
2018-11-24 12:57:02.796	80	paid			903	Portland-South Portland, ME	"""Mozilla/5.0 (Macintosh; Intel Mac OS X 10_9_4) AppleWebKit/537.36 (KHTML, like Gecko) Chrome/36.0.1985.143 Safari/537.36"""
2018-11-24 12:58:46.796	73	paid			692	Tampa-St. Petersburg-Clearwater, FL	"""Mozilla/5.0 (Macintosh; Intel Mac OS X 10_9_4) AppleWebKit/537.78.2 (KHTML, like Gecko) Version/7.0.6 Safari/537.78.2"""
2018-11-24 12:59:28.796	95	paid			564	Winston-Salem, NC	"""Mozilla/5.0 (iPhone; CPU iPhone OS 7_1_2 like Mac OS X) AppleWebKit/537.51.2 (KHTML, like Gecko) Version/7.0 Mobile/11D257 Safari/9537.53"""
2018-11-24 13:02:40.796	73	paid			692	Tampa-St. Petersburg-Clearwater, FL	"""Mozilla/5.0 (Macintosh; Intel Mac OS X 10_9_4) AppleWebKit/537.78.2 (KHTML, like Gecko) Version/7.0.6 Safari/537.78.2"""
2018-11-24 13:04:39.796	95	paid			564	Winston-Salem, NC	"""Mozilla/5.0 (iPhone; CPU iPhone OS 7_1_2 like Mac OS X) AppleWebKit/537.51.2 (KHTML, like Gecko) Version/7.0 Mobile/11D257 Safari/9537.53"""
2018-11-24 13:08:16.796	73	paid			692	Tampa-St. Petersburg-Clearwater, FL	"""Mozilla/5.0 (Macintosh; Intel Mac OS X 10_9_4) AppleWebKit/537.78.2 (KHTML, like Gecko) Version/7.0.6 Safari/537.78.2"""
2018-11-24 13:08:19.796	95	paid			564	Winston-Salem, NC	"""Mozilla/5.0 (iPhone; CPU iPhone OS 7_1_2 like Mac OS X) AppleWebKit/537.51.2 (KHTML, like Gecko) Version/7.0 Mobile/11D257 Safari/9537.53"""
2018-11-24 13:10:33.796	73	paid			692	Tampa-St. Petersburg-Clearwater, FL	"""Mozilla/5.0 (Macintosh; Intel Mac OS X 10_9_4) AppleWebKit/537.78.2 (KHTML, like Gecko) Version/7.0.6 Safari/537.78.2"""
2018-11-24 13:11:37.796	95	paid			564	Winston-Salem, NC	"""Mozilla/5.0 (iPhone; CPU iPhone OS 7_1_2 like Mac OS X) AppleWebKit/537.51.2 (KHTML, like Gecko) Version/7.0 Mobile/11D257 Safari/9537.53"""
2018-11-24 13:12:57.796	73	paid			692	Tampa-St. Petersburg-Clearwater, FL	"""Mozilla/5.0 (Macintosh; Intel Mac OS X 10_9_4) AppleWebKit/537.78.2 (KHTML, like Gecko) Version/7.0.6 Safari/537.78.2"""
2018-11-24 13:14:58.796	95	paid			564	Winston-Salem, NC	"""Mozilla/5.0 (iPhone; CPU iPhone OS 7_1_2 like Mac OS X) AppleWebKit/537.51.2 (KHTML, like Gecko) Version/7.0 Mobile/11D257 Safari/9537.53"""
2018-11-24 13:17:34.796	73	paid			692	Tampa-St. Petersburg-Clearwater, FL	"""Mozilla/5.0 (Macintosh; Intel Mac OS X 10_9_4) AppleWebKit/537.78.2 (KHTML, like Gecko) Version/7.0.6 Safari/537.78.2"""
2018-11-24 13:18:54.796	95	paid			564	Winston-Salem, NC	"""Mozilla/5.0 (iPhone; CPU iPhone OS 7_1_2 like Mac OS X) AppleWebKit/537.51.2 (KHTML, like Gecko) Version/7.0 Mobile/11D257 Safari/9537.53"""
2018-11-24 13:20:35.796	73	paid			692	Tampa-St. Petersburg-Clearwater, FL	"""Mozilla/5.0 (Macintosh; Intel Mac OS X 10_9_4) AppleWebKit/537.78.2 (KHTML, like Gecko) Version/7.0.6 Safari/537.78.2"""
2018-11-24 13:23:19.796	95	paid			564	Winston-Salem, NC	"""Mozilla/5.0 (iPhone; CPU iPhone OS 7_1_2 like Mac OS X) AppleWebKit/537.51.2 (KHTML, like Gecko) Version/7.0 Mobile/11D257 Safari/9537.53"""
2018-11-24 13:24:14.796	73	paid			692	Tampa-St. Petersburg-Clearwater, FL	"""Mozilla/5.0 (Macintosh; Intel Mac OS X 10_9_4) AppleWebKit/537.78.2 (KHTML, like Gecko) Version/7.0.6 Safari/537.78.2"""
2018-11-24 13:26:20.796	95	paid			564	Winston-Salem, NC	"""Mozilla/5.0 (iPhone; CPU iPhone OS 7_1_2 like Mac OS X) AppleWebKit/537.51.2 (KHTML, like Gecko) Version/7.0 Mobile/11D257 Safari/9537.53"""
2018-11-24 13:26:54.796	73	paid			692	Tampa-St. Petersburg-Clearwater, FL	"""Mozilla/5.0 (Macintosh; Intel Mac OS X 10_9_4) AppleWebKit/537.78.2 (KHTML, like Gecko) Version/7.0.6 Safari/537.78.2"""
2018-11-24 13:29:55.796	95	paid			564	Winston-Salem, NC	"""Mozilla/5.0 (iPhone; CPU iPhone OS 7_1_2 like Mac OS X) AppleWebKit/537.51.2 (KHTML, like Gecko) Version/7.0 Mobile/11D257 Safari/9537.53"""
2018-11-24 13:30:27.796	73	paid			692	Tampa-St. Petersburg-Clearwater, FL	"""Mozilla/5.0 (Macintosh; Intel Mac OS X 10_9_4) AppleWebKit/537.78.2 (KHTML, like Gecko) Version/7.0.6 Safari/537.78.2"""
2018-11-24 13:33:46.796	95	paid			564	Winston-Salem, NC	"""Mozilla/5.0 (iPhone; CPU iPhone OS 7_1_2 like Mac OS X) AppleWebKit/537.51.2 (KHTML, like Gecko) Version/7.0 Mobile/11D257 Safari/9537.53"""
2018-11-24 13:34:56.796	73	paid			692	Tampa-St. Petersburg-Clearwater, FL	"""Mozilla/5.0 (Macintosh; Intel Mac OS X 10_9_4) AppleWebKit/537.78.2 (KHTML, like Gecko) Version/7.0.6 Safari/537.78.2"""
2018-11-24 13:38:52.796	95	paid			564	Winston-Salem, NC	"""Mozilla/5.0 (iPhone; CPU iPhone OS 7_1_2 like Mac OS X) AppleWebKit/537.51.2 (KHTML, like Gecko) Version/7.0 Mobile/11D257 Safari/9537.53"""
2018-11-24 13:39:58.796	73	paid			692	Tampa-St. Petersburg-Clearwater, FL	"""Mozilla/5.0 (Macintosh; Intel Mac OS X 10_9_4) AppleWebKit/537.78.2 (KHTML, like Gecko) Version/7.0.6 Safari/537.78.2"""
2018-11-24 13:42:21.796	95	paid			564	Winston-Salem, NC	"""Mozilla/5.0 (iPhone; CPU iPhone OS 7_1_2 like Mac OS X) AppleWebKit/537.51.2 (KHTML, like Gecko) Version/7.0 Mobile/11D257 Safari/9537.53"""
2018-11-24 13:43:57.796	73	paid			692	Tampa-St. Petersburg-Clearwater, FL	"""Mozilla/5.0 (Macintosh; Intel Mac OS X 10_9_4) AppleWebKit/537.78.2 (KHTML, like Gecko) Version/7.0.6 Safari/537.78.2"""
2018-11-24 13:47:20.796	95	paid			564	Winston-Salem, NC	"""Mozilla/5.0 (iPhone; CPU iPhone OS 7_1_2 like Mac OS X) AppleWebKit/537.51.2 (KHTML, like Gecko) Version/7.0 Mobile/11D257 Safari/9537.53"""
2018-11-24 13:48:03.796	73	paid			692	Tampa-St. Petersburg-Clearwater, FL	"""Mozilla/5.0 (Macintosh; Intel Mac OS X 10_9_4) AppleWebKit/537.78.2 (KHTML, like Gecko) Version/7.0.6 Safari/537.78.2"""
2018-11-24 13:51:04.796	95	paid			564	Winston-Salem, NC	"""Mozilla/5.0 (iPhone; CPU iPhone OS 7_1_2 like Mac OS X) AppleWebKit/537.51.2 (KHTML, like Gecko) Version/7.0 Mobile/11D257 Safari/9537.53"""
2018-11-24 13:51:32.796	73	paid			692	Tampa-St. Petersburg-Clearwater, FL	"""Mozilla/5.0 (Macintosh; Intel Mac OS X 10_9_4) AppleWebKit/537.78.2 (KHTML, like Gecko) Version/7.0.6 Safari/537.78.2"""
2018-11-24 13:53:35.796	95	paid			564	Winston-Salem, NC	"""Mozilla/5.0 (iPhone; CPU iPhone OS 7_1_2 like Mac OS X) AppleWebKit/537.51.2 (KHTML, like Gecko) Version/7.0 Mobile/11D257 Safari/9537.53"""
2018-11-24 13:55:05.796	73	paid			692	Tampa-St. Petersburg-Clearwater, FL	"""Mozilla/5.0 (Macintosh; Intel Mac OS X 10_9_4) AppleWebKit/537.78.2 (KHTML, like Gecko) Version/7.0.6 Safari/537.78.2"""
2018-11-24 13:55:51.796	95	paid			564	Winston-Salem, NC	"""Mozilla/5.0 (iPhone; CPU iPhone OS 7_1_2 like Mac OS X) AppleWebKit/537.51.2 (KHTML, like Gecko) Version/7.0 Mobile/11D257 Safari/9537.53"""
2018-11-24 13:59:10.796	73	paid			692	Tampa-St. Petersburg-Clearwater, FL	"""Mozilla/5.0 (Macintosh; Intel Mac OS X 10_9_4) AppleWebKit/537.78.2 (KHTML, like Gecko) Version/7.0.6 Safari/537.78.2"""
2018-11-24 13:59:38.796	95	paid			564	Winston-Salem, NC	"""Mozilla/5.0 (iPhone; CPU iPhone OS 7_1_2 like Mac OS X) AppleWebKit/537.51.2 (KHTML, like Gecko) Version/7.0 Mobile/11D257 Safari/9537.53"""
2018-11-24 14:02:09.796	73	paid			692	Tampa-St. Petersburg-Clearwater, FL	"""Mozilla/5.0 (Macintosh; Intel Mac OS X 10_9_4) AppleWebKit/537.78.2 (KHTML, like Gecko) Version/7.0.6 Safari/537.78.2"""
2018-11-24 14:03:51.796	95	paid			564	Winston-Salem, NC	"""Mozilla/5.0 (iPhone; CPU iPhone OS 7_1_2 like Mac OS X) AppleWebKit/537.51.2 (KHTML, like Gecko) Version/7.0 Mobile/11D257 Safari/9537.53"""
2018-11-24 14:06:26.796	73	paid			692	Tampa-St. Petersburg-Clearwater, FL	"""Mozilla/5.0 (Macintosh; Intel Mac OS X 10_9_4) AppleWebKit/537.78.2 (KHTML, like Gecko) Version/7.0.6 Safari/537.78.2"""
2018-11-24 14:07:32.796	95	paid			564	Winston-Salem, NC	"""Mozilla/5.0 (iPhone; CPU iPhone OS 7_1_2 like Mac OS X) AppleWebKit/537.51.2 (KHTML, like Gecko) Version/7.0 Mobile/11D257 Safari/9537.53"""
2018-11-24 14:11:11.796	95	paid			564	Winston-Salem, NC	"""Mozilla/5.0 (iPhone; CPU iPhone OS 7_1_2 like Mac OS X) AppleWebKit/537.51.2 (KHTML, like Gecko) Version/7.0 Mobile/11D257 Safari/9537.53"""
2018-11-24 14:12:05.796	73	paid			692	Tampa-St. Petersburg-Clearwater, FL	"""Mozilla/5.0 (Macintosh; Intel Mac OS X 10_9_4) AppleWebKit/537.78.2 (KHTML, like Gecko) Version/7.0.6 Safari/537.78.2"""
2018-11-24 14:16:00.796	95	paid			564	Winston-Salem, NC	"""Mozilla/5.0 (iPhone; CPU iPhone OS 7_1_2 like Mac OS X) AppleWebKit/537.51.2 (KHTML, like Gecko) Version/7.0 Mobile/11D257 Safari/9537.53"""
2018-11-24 14:16:15.796	73	paid			692	Tampa-St. Petersburg-Clearwater, FL	"""Mozilla/5.0 (Macintosh; Intel Mac OS X 10_9_4) AppleWebKit/537.78.2 (KHTML, like Gecko) Version/7.0.6 Safari/537.78.2"""
2018-11-24 14:19:35.796	95	paid			564	Winston-Salem, NC	"""Mozilla/5.0 (iPhone; CPU iPhone OS 7_1_2 like Mac OS X) AppleWebKit/537.51.2 (KHTML, like Gecko) Version/7.0 Mobile/11D257 Safari/9537.53"""
2018-11-24 14:20:09.796	73	paid			692	Tampa-St. Petersburg-Clearwater, FL	"""Mozilla/5.0 (Macintosh; Intel Mac OS X 10_9_4) AppleWebKit/537.78.2 (KHTML, like Gecko) Version/7.0.6 Safari/537.78.2"""
2018-11-24 14:22:54.796	95	paid			564	Winston-Salem, NC	"""Mozilla/5.0 (iPhone; CPU iPhone OS 7_1_2 like Mac OS X) AppleWebKit/537.51.2 (KHTML, like Gecko) Version/7.0 Mobile/11D257 Safari/9537.53"""
2018-11-24 14:23:35.796	73	paid			692	Tampa-St. Petersburg-Clearwater, FL	"""Mozilla/5.0 (Macintosh; Intel Mac OS X 10_9_4) AppleWebKit/537.78.2 (KHTML, like Gecko) Version/7.0.6 Safari/537.78.2"""
2018-11-24 14:25:38.796	95	paid			564	Winston-Salem, NC	"""Mozilla/5.0 (iPhone; CPU iPhone OS 7_1_2 like Mac OS X) AppleWebKit/537.51.2 (KHTML, like Gecko) Version/7.0 Mobile/11D257 Safari/9537.53"""
2018-11-24 14:27:33.796	73	paid			692	Tampa-St. Petersburg-Clearwater, FL	"""Mozilla/5.0 (Macintosh; Intel Mac OS X 10_9_4) AppleWebKit/537.78.2 (KHTML, like Gecko) Version/7.0.6 Safari/537.78.2"""
2018-11-24 14:29:47.796	95	paid			564	Winston-Salem, NC	"""Mozilla/5.0 (iPhone; CPU iPhone OS 7_1_2 like Mac OS X) AppleWebKit/537.51.2 (KHTML, like Gecko) Version/7.0 Mobile/11D257 Safari/9537.53"""
2018-11-24 14:29:47.796	73	paid			692	Tampa-St. Petersburg-Clearwater, FL	"""Mozilla/5.0 (Macintosh; Intel Mac OS X 10_9_4) AppleWebKit/537.78.2 (KHTML, like Gecko) Version/7.0.6 Safari/537.78.2"""
2018-11-24 14:34:11.796	73	paid			692	Tampa-St. Petersburg-Clearwater, FL	"""Mozilla/5.0 (Macintosh; Intel Mac OS X 10_9_4) AppleWebKit/537.78.2 (KHTML, like Gecko) Version/7.0.6 Safari/537.78.2"""
2018-11-24 14:39:14.796	73	paid			692	Tampa-St. Petersburg-Clearwater, FL	"""Mozilla/5.0 (Macintosh; Intel Mac OS X 10_9_4) AppleWebKit/537.78.2 (KHTML, like Gecko) Version/7.0.6 Safari/537.78.2"""
2018-11-24 14:43:13.796	73	paid			692	Tampa-St. Petersburg-Clearwater, FL	"""Mozilla/5.0 (Macintosh; Intel Mac OS X 10_9_4) AppleWebKit/537.78.2 (KHTML, like Gecko) Version/7.0.6 Safari/537.78.2"""
2018-11-24 14:46:27.796	73	paid			692	Tampa-St. Petersburg-Clearwater, FL	"""Mozilla/5.0 (Macintosh; Intel Mac OS X 10_9_4) AppleWebKit/537.78.2 (KHTML, like Gecko) Version/7.0.6 Safari/537.78.2"""
2018-11-24 14:49:21.796	73	paid			692	Tampa-St. Petersburg-Clearwater, FL	"""Mozilla/5.0 (Macintosh; Intel Mac OS X 10_9_4) AppleWebKit/537.78.2 (KHTML, like Gecko) Version/7.0.6 Safari/537.78.2"""
2018-11-24 14:52:54.796	73	paid			692	Tampa-St. Petersburg-Clearwater, FL	"""Mozilla/5.0 (Macintosh; Intel Mac OS X 10_9_4) AppleWebKit/537.78.2 (KHTML, like Gecko) Version/7.0.6 Safari/537.78.2"""
2018-11-24 14:57:24.796	73	paid			692	Tampa-St. Petersburg-Clearwater, FL	"""Mozilla/5.0 (Macintosh; Intel Mac OS X 10_9_4) AppleWebKit/537.78.2 (KHTML, like Gecko) Version/7.0.6 Safari/537.78.2"""
2018-11-24 15:00:51.796	73	paid			692	Tampa-St. Petersburg-Clearwater, FL	"""Mozilla/5.0 (Macintosh; Intel Mac OS X 10_9_4) AppleWebKit/537.78.2 (KHTML, like Gecko) Version/7.0.6 Safari/537.78.2"""
2018-11-24 15:04:17.796	73	paid			692	Tampa-St. Petersburg-Clearwater, FL	"""Mozilla/5.0 (Macintosh; Intel Mac OS X 10_9_4) AppleWebKit/537.78.2 (KHTML, like Gecko) Version/7.0.6 Safari/537.78.2"""
2018-11-24 15:10:12.796	73	paid			692	Tampa-St. Petersburg-Clearwater, FL	"""Mozilla/5.0 (Macintosh; Intel Mac OS X 10_9_4) AppleWebKit/537.78.2 (KHTML, like Gecko) Version/7.0.6 Safari/537.78.2"""
2018-11-24 15:15:04.796	49	paid			849	San Francisco-Oakland-Hayward, CA	Mozilla/5.0 (Windows NT 5.1; rv:31.0) Gecko/20100101 Firefox/31.0
2018-11-24 15:15:14.796	73	paid			692	Tampa-St. Petersburg-Clearwater, FL	"""Mozilla/5.0 (Macintosh; Intel Mac OS X 10_9_4) AppleWebKit/537.78.2 (KHTML, like Gecko) Version/7.0.6 Safari/537.78.2"""
2018-11-24 15:17:43.796	49	paid			849	San Francisco-Oakland-Hayward, CA	Mozilla/5.0 (Windows NT 5.1; rv:31.0) Gecko/20100101 Firefox/31.0
2018-11-24 15:19:22.796	10	free			877	Washington-Arlington-Alexandria, DC-VA-MD-WV	"""Mozilla/5.0 (Macintosh; Intel Mac OS X 10_9_4) AppleWebKit/537.77.4 (KHTML, like Gecko) Version/7.0.5 Safari/537.77.4"""
2018-11-24 15:20:25.796	73	paid			692	Tampa-St. Petersburg-Clearwater, FL	"""Mozilla/5.0 (Macintosh; Intel Mac OS X 10_9_4) AppleWebKit/537.78.2 (KHTML, like Gecko) Version/7.0.6 Safari/537.78.2"""
2018-11-24 15:21:15.796	49	paid			849	San Francisco-Oakland-Hayward, CA	Mozilla/5.0 (Windows NT 5.1; rv:31.0) Gecko/20100101 Firefox/31.0
2018-11-24 15:23:30.796	10	free			877	Washington-Arlington-Alexandria, DC-VA-MD-WV	"""Mozilla/5.0 (Macintosh; Intel Mac OS X 10_9_4) AppleWebKit/537.77.4 (KHTML, like Gecko) Version/7.0.5 Safari/537.77.4"""
2018-11-24 15:24:41.796	73	paid			692	Tampa-St. Petersburg-Clearwater, FL	"""Mozilla/5.0 (Macintosh; Intel Mac OS X 10_9_4) AppleWebKit/537.78.2 (KHTML, like Gecko) Version/7.0.6 Safari/537.78.2"""
2018-11-24 15:25:14.796	49	paid			849	San Francisco-Oakland-Hayward, CA	Mozilla/5.0 (Windows NT 5.1; rv:31.0) Gecko/20100101 Firefox/31.0
2018-11-24 15:29:02.796	49	paid			849	San Francisco-Oakland-Hayward, CA	Mozilla/5.0 (Windows NT 5.1; rv:31.0) Gecko/20100101 Firefox/31.0
2018-11-24 15:29:06.796	73	paid			692	Tampa-St. Petersburg-Clearwater, FL	"""Mozilla/5.0 (Macintosh; Intel Mac OS X 10_9_4) AppleWebKit/537.78.2 (KHTML, like Gecko) Version/7.0.6 Safari/537.78.2"""
2018-11-24 15:33:41.796	73	paid			692	Tampa-St. Petersburg-Clearwater, FL	"""Mozilla/5.0 (Macintosh; Intel Mac OS X 10_9_4) AppleWebKit/537.78.2 (KHTML, like Gecko) Version/7.0.6 Safari/537.78.2"""
2018-11-24 15:35:52.796	49	paid			849	San Francisco-Oakland-Hayward, CA	Mozilla/5.0 (Windows NT 5.1; rv:31.0) Gecko/20100101 Firefox/31.0
2018-11-24 15:38:59.796	73	paid			692	Tampa-St. Petersburg-Clearwater, FL	"""Mozilla/5.0 (Macintosh; Intel Mac OS X 10_9_4) AppleWebKit/537.78.2 (KHTML, like Gecko) Version/7.0.6 Safari/537.78.2"""
2018-11-24 15:39:44.796	49	paid			849	San Francisco-Oakland-Hayward, CA	Mozilla/5.0 (Windows NT 5.1; rv:31.0) Gecko/20100101 Firefox/31.0
2018-11-24 15:43:59.796	49	paid			849	San Francisco-Oakland-Hayward, CA	Mozilla/5.0 (Windows NT 5.1; rv:31.0) Gecko/20100101 Firefox/31.0
2018-11-24 15:47:42.796	49	paid			849	San Francisco-Oakland-Hayward, CA	Mozilla/5.0 (Windows NT 5.1; rv:31.0) Gecko/20100101 Firefox/31.0
2018-11-24 15:50:39.796	49	paid			849	San Francisco-Oakland-Hayward, CA	Mozilla/5.0 (Windows NT 5.1; rv:31.0) Gecko/20100101 Firefox/31.0
2018-11-24 15:56:27.796	49	paid			849	San Francisco-Oakland-Hayward, CA	Mozilla/5.0 (Windows NT 5.1; rv:31.0) Gecko/20100101 Firefox/31.0
2018-11-24 15:59:30.796	49	paid			849	San Francisco-Oakland-Hayward, CA	Mozilla/5.0 (Windows NT 5.1; rv:31.0) Gecko/20100101 Firefox/31.0
2018-11-24 16:02:52.796	49	paid			849	San Francisco-Oakland-Hayward, CA	Mozilla/5.0 (Windows NT 5.1; rv:31.0) Gecko/20100101 Firefox/31.0
2018-11-24 16:06:00.796	49	paid			849	San Francisco-Oakland-Hayward, CA	Mozilla/5.0 (Windows NT 5.1; rv:31.0) Gecko/20100101 Firefox/31.0
2018-11-24 16:10:27.796	49	paid			849	San Francisco-Oakland-Hayward, CA	Mozilla/5.0 (Windows NT 5.1; rv:31.0) Gecko/20100101 Firefox/31.0
2018-11-24 16:15:22.796	49	paid			849	San Francisco-Oakland-Hayward, CA	Mozilla/5.0 (Windows NT 5.1; rv:31.0) Gecko/20100101 Firefox/31.0
2018-11-24 16:23:51.796	49	paid			849	San Francisco-Oakland-Hayward, CA	Mozilla/5.0 (Windows NT 5.1; rv:31.0) Gecko/20100101 Firefox/31.0
2018-11-24 16:28:27.796	49	paid			849	San Francisco-Oakland-Hayward, CA	Mozilla/5.0 (Windows NT 5.1; rv:31.0) Gecko/20100101 Firefox/31.0
2018-11-24 16:33:20.796	49	paid			849	San Francisco-Oakland-Hayward, CA	Mozilla/5.0 (Windows NT 5.1; rv:31.0) Gecko/20100101 Firefox/31.0
2018-11-24 16:36:38.796	80	paid			910	Portland-South Portland, ME	"""Mozilla/5.0 (Macintosh; Intel Mac OS X 10_9_4) AppleWebKit/537.36 (KHTML, like Gecko) Chrome/36.0.1985.143 Safari/537.36"""
2018-11-24 16:37:00.796	80	paid			910	Portland-South Portland, ME	"""Mozilla/5.0 (Macintosh; Intel Mac OS X 10_9_4) AppleWebKit/537.36 (KHTML, like Gecko) Chrome/36.0.1985.143 Safari/537.36"""
2018-11-24 16:38:42.796	49	paid			849	San Francisco-Oakland-Hayward, CA	Mozilla/5.0 (Windows NT 5.1; rv:31.0) Gecko/20100101 Firefox/31.0
2018-11-24 16:40:32.796	80	paid			910	Portland-South Portland, ME	"""Mozilla/5.0 (Macintosh; Intel Mac OS X 10_9_4) AppleWebKit/537.36 (KHTML, like Gecko) Chrome/36.0.1985.143 Safari/537.36"""
2018-11-24 16:44:14.796	80	paid			910	Portland-South Portland, ME	"""Mozilla/5.0 (Macintosh; Intel Mac OS X 10_9_4) AppleWebKit/537.36 (KHTML, like Gecko) Chrome/36.0.1985.143 Safari/537.36"""
2018-11-24 16:44:23.796	49	paid			849	San Francisco-Oakland-Hayward, CA	Mozilla/5.0 (Windows NT 5.1; rv:31.0) Gecko/20100101 Firefox/31.0
2018-11-24 16:45:07.796	29	paid			898	Atlanta-Sandy Springs-Roswell, GA	"""Mozilla/5.0 (Macintosh; Intel Mac OS X 10_9_4) AppleWebKit/537.78.2 (KHTML, like Gecko) Version/7.0.6 Safari/537.78.2"""
2018-11-24 16:48:17.796	49	paid			849	San Francisco-Oakland-Hayward, CA	Mozilla/5.0 (Windows NT 5.1; rv:31.0) Gecko/20100101 Firefox/31.0
2018-11-24 16:48:22.796	80	paid			910	Portland-South Portland, ME	"""Mozilla/5.0 (Macintosh; Intel Mac OS X 10_9_4) AppleWebKit/537.36 (KHTML, like Gecko) Chrome/36.0.1985.143 Safari/537.36"""
2018-11-24 16:49:58.796	29	paid			898	Atlanta-Sandy Springs-Roswell, GA	"""Mozilla/5.0 (Macintosh; Intel Mac OS X 10_9_4) AppleWebKit/537.78.2 (KHTML, like Gecko) Version/7.0.6 Safari/537.78.2"""
2018-11-24 16:51:44.796	49	paid			849	San Francisco-Oakland-Hayward, CA	Mozilla/5.0 (Windows NT 5.1; rv:31.0) Gecko/20100101 Firefox/31.0
2018-11-24 16:52:10.796	80	paid			910	Portland-South Portland, ME	"""Mozilla/5.0 (Macintosh; Intel Mac OS X 10_9_4) AppleWebKit/537.36 (KHTML, like Gecko) Chrome/36.0.1985.143 Safari/537.36"""
2018-11-24 16:54:37.796	29	paid			898	Atlanta-Sandy Springs-Roswell, GA	"""Mozilla/5.0 (Macintosh; Intel Mac OS X 10_9_4) AppleWebKit/537.78.2 (KHTML, like Gecko) Version/7.0.6 Safari/537.78.2"""
2018-11-24 16:56:41.796	80	paid			910	Portland-South Portland, ME	"""Mozilla/5.0 (Macintosh; Intel Mac OS X 10_9_4) AppleWebKit/537.36 (KHTML, like Gecko) Chrome/36.0.1985.143 Safari/537.36"""
2018-11-24 16:56:49.796	49	paid			849	San Francisco-Oakland-Hayward, CA	Mozilla/5.0 (Windows NT 5.1; rv:31.0) Gecko/20100101 Firefox/31.0
2018-11-24 16:59:15.796	29	paid			898	Atlanta-Sandy Springs-Roswell, GA	"""Mozilla/5.0 (Macintosh; Intel Mac OS X 10_9_4) AppleWebKit/537.78.2 (KHTML, like Gecko) Version/7.0.6 Safari/537.78.2"""
2018-11-24 17:00:37.796	49	paid			849	San Francisco-Oakland-Hayward, CA	Mozilla/5.0 (Windows NT 5.1; rv:31.0) Gecko/20100101 Firefox/31.0
2018-11-24 17:03:24.796	29	paid			898	Atlanta-Sandy Springs-Roswell, GA	"""Mozilla/5.0 (Macintosh; Intel Mac OS X 10_9_4) AppleWebKit/537.78.2 (KHTML, like Gecko) Version/7.0.6 Safari/537.78.2"""
2018-11-24 17:03:48.796	80	paid			910	Portland-South Portland, ME	"""Mozilla/5.0 (Macintosh; Intel Mac OS X 10_9_4) AppleWebKit/537.36 (KHTML, like Gecko) Chrome/36.0.1985.143 Safari/537.36"""
2018-11-24 17:03:59.796	49	paid			849	San Francisco-Oakland-Hayward, CA	Mozilla/5.0 (Windows NT 5.1; rv:31.0) Gecko/20100101 Firefox/31.0
2018-11-24 17:07:23.796	49	paid			849	San Francisco-Oakland-Hayward, CA	Mozilla/5.0 (Windows NT 5.1; rv:31.0) Gecko/20100101 Firefox/31.0
2018-11-24 17:08:23.796	80	paid			910	Portland-South Portland, ME	"""Mozilla/5.0 (Macintosh; Intel Mac OS X 10_9_4) AppleWebKit/537.36 (KHTML, like Gecko) Chrome/36.0.1985.143 Safari/537.36"""
2018-11-24 17:08:30.796	29	paid			898	Atlanta-Sandy Springs-Roswell, GA	"""Mozilla/5.0 (Macintosh; Intel Mac OS X 10_9_4) AppleWebKit/537.78.2 (KHTML, like Gecko) Version/7.0.6 Safari/537.78.2"""
2018-11-24 17:10:36.796	49	paid			849	San Francisco-Oakland-Hayward, CA	Mozilla/5.0 (Windows NT 5.1; rv:31.0) Gecko/20100101 Firefox/31.0
2018-11-24 17:11:28.796	29	paid			898	Atlanta-Sandy Springs-Roswell, GA	"""Mozilla/5.0 (Macintosh; Intel Mac OS X 10_9_4) AppleWebKit/537.78.2 (KHTML, like Gecko) Version/7.0.6 Safari/537.78.2"""
2018-11-24 17:12:03.796	80	paid			910	Portland-South Portland, ME	"""Mozilla/5.0 (Macintosh; Intel Mac OS X 10_9_4) AppleWebKit/537.36 (KHTML, like Gecko) Chrome/36.0.1985.143 Safari/537.36"""
2018-11-24 17:14:29.796	29	paid			898	Atlanta-Sandy Springs-Roswell, GA	"""Mozilla/5.0 (Macintosh; Intel Mac OS X 10_9_4) AppleWebKit/537.78.2 (KHTML, like Gecko) Version/7.0.6 Safari/537.78.2"""
2018-11-24 17:14:39.796	49	paid			849	San Francisco-Oakland-Hayward, CA	Mozilla/5.0 (Windows NT 5.1; rv:31.0) Gecko/20100101 Firefox/31.0
2018-11-24 17:15:19.796	80	paid			910	Portland-South Portland, ME	"""Mozilla/5.0 (Macintosh; Intel Mac OS X 10_9_4) AppleWebKit/537.36 (KHTML, like Gecko) Chrome/36.0.1985.143 Safari/537.36"""
2018-11-24 17:18:07.796	49	paid			849	San Francisco-Oakland-Hayward, CA	Mozilla/5.0 (Windows NT 5.1; rv:31.0) Gecko/20100101 Firefox/31.0
2018-11-24 17:18:52.796	29	paid			898	Atlanta-Sandy Springs-Roswell, GA	"""Mozilla/5.0 (Macintosh; Intel Mac OS X 10_9_4) AppleWebKit/537.78.2 (KHTML, like Gecko) Version/7.0.6 Safari/537.78.2"""
2018-11-24 17:21:59.796	49	paid			849	San Francisco-Oakland-Hayward, CA	Mozilla/5.0 (Windows NT 5.1; rv:31.0) Gecko/20100101 Firefox/31.0
2018-11-24 17:22:18.796	29	paid			898	Atlanta-Sandy Springs-Roswell, GA	"""Mozilla/5.0 (Macintosh; Intel Mac OS X 10_9_4) AppleWebKit/537.78.2 (KHTML, like Gecko) Version/7.0.6 Safari/537.78.2"""
2018-11-24 17:25:34.796	29	paid			898	Atlanta-Sandy Springs-Roswell, GA	"""Mozilla/5.0 (Macintosh; Intel Mac OS X 10_9_4) AppleWebKit/537.78.2 (KHTML, like Gecko) Version/7.0.6 Safari/537.78.2"""
2018-11-24 17:25:52.796	49	paid			849	San Francisco-Oakland-Hayward, CA	Mozilla/5.0 (Windows NT 5.1; rv:31.0) Gecko/20100101 Firefox/31.0
2018-11-24 17:29:19.796	29	paid			898	Atlanta-Sandy Springs-Roswell, GA	"""Mozilla/5.0 (Macintosh; Intel Mac OS X 10_9_4) AppleWebKit/537.78.2 (KHTML, like Gecko) Version/7.0.6 Safari/537.78.2"""
2018-11-24 17:32:32.796	29	paid			898	Atlanta-Sandy Springs-Roswell, GA	"""Mozilla/5.0 (Macintosh; Intel Mac OS X 10_9_4) AppleWebKit/537.78.2 (KHTML, like Gecko) Version/7.0.6 Safari/537.78.2"""
2018-11-24 17:34:06.796	49	paid			849	San Francisco-Oakland-Hayward, CA	Mozilla/5.0 (Windows NT 5.1; rv:31.0) Gecko/20100101 Firefox/31.0
2018-11-24 17:36:23.796	29	paid			898	Atlanta-Sandy Springs-Roswell, GA	"""Mozilla/5.0 (Macintosh; Intel Mac OS X 10_9_4) AppleWebKit/537.78.2 (KHTML, like Gecko) Version/7.0.6 Safari/537.78.2"""
2018-11-24 17:38:02.796	80	paid			910	Portland-South Portland, ME	"""Mozilla/5.0 (Macintosh; Intel Mac OS X 10_9_4) AppleWebKit/537.36 (KHTML, like Gecko) Chrome/36.0.1985.143 Safari/537.36"""
2018-11-24 17:39:13.796	29	paid			898	Atlanta-Sandy Springs-Roswell, GA	"""Mozilla/5.0 (Macintosh; Intel Mac OS X 10_9_4) AppleWebKit/537.78.2 (KHTML, like Gecko) Version/7.0.6 Safari/537.78.2"""
2018-11-24 17:39:33.796	49	paid			849	San Francisco-Oakland-Hayward, CA	Mozilla/5.0 (Windows NT 5.1; rv:31.0) Gecko/20100101 Firefox/31.0
2018-11-24 17:42:12.796	80	paid			910	Portland-South Portland, ME	"""Mozilla/5.0 (Macintosh; Intel Mac OS X 10_9_4) AppleWebKit/537.36 (KHTML, like Gecko) Chrome/36.0.1985.143 Safari/537.36"""
2018-11-24 17:43:26.796	49	paid			849	San Francisco-Oakland-Hayward, CA	Mozilla/5.0 (Windows NT 5.1; rv:31.0) Gecko/20100101 Firefox/31.0
2018-11-24 17:44:45.796	29	paid			898	Atlanta-Sandy Springs-Roswell, GA	"""Mozilla/5.0 (Macintosh; Intel Mac OS X 10_9_4) AppleWebKit/537.78.2 (KHTML, like Gecko) Version/7.0.6 Safari/537.78.2"""
2018-11-24 17:46:19.796	80	paid			910	Portland-South Portland, ME	"""Mozilla/5.0 (Macintosh; Intel Mac OS X 10_9_4) AppleWebKit/537.36 (KHTML, like Gecko) Chrome/36.0.1985.143 Safari/537.36"""
2018-11-24 17:46:47.796	49	paid			849	San Francisco-Oakland-Hayward, CA	Mozilla/5.0 (Windows NT 5.1; rv:31.0) Gecko/20100101 Firefox/31.0
2018-11-24 17:48:37.796	29	paid			898	Atlanta-Sandy Springs-Roswell, GA	"""Mozilla/5.0 (Macintosh; Intel Mac OS X 10_9_4) AppleWebKit/537.78.2 (KHTML, like Gecko) Version/7.0.6 Safari/537.78.2"""
2018-11-24 17:49:59.796	80	paid			910	Portland-South Portland, ME	"""Mozilla/5.0 (Macintosh; Intel Mac OS X 10_9_4) AppleWebKit/537.36 (KHTML, like Gecko) Chrome/36.0.1985.143 Safari/537.36"""
2018-11-24 17:53:55.796	80	paid			910	Portland-South Portland, ME	"""Mozilla/5.0 (Macintosh; Intel Mac OS X 10_9_4) AppleWebKit/537.36 (KHTML, like Gecko) Chrome/36.0.1985.143 Safari/537.36"""
2018-11-24 17:58:14.796	80	paid			910	Portland-South Portland, ME	"""Mozilla/5.0 (Macintosh; Intel Mac OS X 10_9_4) AppleWebKit/537.36 (KHTML, like Gecko) Chrome/36.0.1985.143 Safari/537.36"""
2018-11-24 17:59:44.796	80	paid			910	Portland-South Portland, ME	"""Mozilla/5.0 (Macintosh; Intel Mac OS X 10_9_4) AppleWebKit/537.36 (KHTML, like Gecko) Chrome/36.0.1985.143 Safari/537.36"""
2018-11-24 18:04:12.796	80	paid			910	Portland-South Portland, ME	"""Mozilla/5.0 (Macintosh; Intel Mac OS X 10_9_4) AppleWebKit/537.36 (KHTML, like Gecko) Chrome/36.0.1985.143 Safari/537.36"""
2018-11-24 18:07:14.796	80	paid			910	Portland-South Portland, ME	"""Mozilla/5.0 (Macintosh; Intel Mac OS X 10_9_4) AppleWebKit/537.36 (KHTML, like Gecko) Chrome/36.0.1985.143 Safari/537.36"""
2018-11-24 18:10:25.796	80	paid			910	Portland-South Portland, ME	"""Mozilla/5.0 (Macintosh; Intel Mac OS X 10_9_4) AppleWebKit/537.36 (KHTML, like Gecko) Chrome/36.0.1985.143 Safari/537.36"""
2018-11-24 18:13:45.796	80	paid			910	Portland-South Portland, ME	"""Mozilla/5.0 (Macintosh; Intel Mac OS X 10_9_4) AppleWebKit/537.36 (KHTML, like Gecko) Chrome/36.0.1985.143 Safari/537.36"""
2018-11-24 18:16:42.796	80	paid			910	Portland-South Portland, ME	"""Mozilla/5.0 (Macintosh; Intel Mac OS X 10_9_4) AppleWebKit/537.36 (KHTML, like Gecko) Chrome/36.0.1985.143 Safari/537.36"""
2018-11-24 18:17:00.796	49	paid			849	San Francisco-Oakland-Hayward, CA	Mozilla/5.0 (Windows NT 5.1; rv:31.0) Gecko/20100101 Firefox/31.0
2018-11-24 18:18:57.796	80	paid			910	Portland-South Portland, ME	"""Mozilla/5.0 (Macintosh; Intel Mac OS X 10_9_4) AppleWebKit/537.36 (KHTML, like Gecko) Chrome/36.0.1985.143 Safari/537.36"""
2018-11-24 18:20:58.796	49	paid			849	San Francisco-Oakland-Hayward, CA	Mozilla/5.0 (Windows NT 5.1; rv:31.0) Gecko/20100101 Firefox/31.0
2018-11-24 18:24:20.796	49	paid			849	San Francisco-Oakland-Hayward, CA	Mozilla/5.0 (Windows NT 5.1; rv:31.0) Gecko/20100101 Firefox/31.0
2018-11-24 18:28:21.796	49	paid			849	San Francisco-Oakland-Hayward, CA	Mozilla/5.0 (Windows NT 5.1; rv:31.0) Gecko/20100101 Firefox/31.0
2018-11-24 18:32:06.796	49	paid			849	San Francisco-Oakland-Hayward, CA	Mozilla/5.0 (Windows NT 5.1; rv:31.0) Gecko/20100101 Firefox/31.0
2018-11-24 18:37:12.796	49	paid			849	San Francisco-Oakland-Hayward, CA	Mozilla/5.0 (Windows NT 5.1; rv:31.0) Gecko/20100101 Firefox/31.0
2018-11-24 18:41:11.796	49	paid			849	San Francisco-Oakland-Hayward, CA	Mozilla/5.0 (Windows NT 5.1; rv:31.0) Gecko/20100101 Firefox/31.0
2018-11-24 18:45:03.796	49	paid			849	San Francisco-Oakland-Hayward, CA	Mozilla/5.0 (Windows NT 5.1; rv:31.0) Gecko/20100101 Firefox/31.0
2018-11-24 18:48:40.796	49	paid			849	San Francisco-Oakland-Hayward, CA	Mozilla/5.0 (Windows NT 5.1; rv:31.0) Gecko/20100101 Firefox/31.0
2018-11-24 18:52:22.796	49	paid			849	San Francisco-Oakland-Hayward, CA	Mozilla/5.0 (Windows NT 5.1; rv:31.0) Gecko/20100101 Firefox/31.0
2018-11-24 18:56:31.796	86	free			906	La Crosse-Onalaska, WI-MN	"""Mozilla/5.0 (Macintosh; Intel Mac OS X 10_9_4) AppleWebKit/537.36 (KHTML, like Gecko) Chrome/37.0.2062.94 Safari/537.36"""
2018-11-24 18:56:35.796	49	paid			849	San Francisco-Oakland-Hayward, CA	Mozilla/5.0 (Windows NT 5.1; rv:31.0) Gecko/20100101 Firefox/31.0
2018-11-24 18:59:01.796	49	paid			849	San Francisco-Oakland-Hayward, CA	Mozilla/5.0 (Windows NT 5.1; rv:31.0) Gecko/20100101 Firefox/31.0
2018-11-24 19:00:55.796	86	free			906	La Crosse-Onalaska, WI-MN	"""Mozilla/5.0 (Macintosh; Intel Mac OS X 10_9_4) AppleWebKit/537.36 (KHTML, like Gecko) Chrome/37.0.2062.94 Safari/537.36"""
2018-11-24 19:02:01.796	86	free			906	La Crosse-Onalaska, WI-MN	"""Mozilla/5.0 (Macintosh; Intel Mac OS X 10_9_4) AppleWebKit/537.36 (KHTML, like Gecko) Chrome/37.0.2062.94 Safari/537.36"""
2018-11-24 19:03:05.796	49	paid			849	San Francisco-Oakland-Hayward, CA	Mozilla/5.0 (Windows NT 5.1; rv:31.0) Gecko/20100101 Firefox/31.0
2018-11-24 19:04:35.796	86	free			906	La Crosse-Onalaska, WI-MN	"""Mozilla/5.0 (Macintosh; Intel Mac OS X 10_9_4) AppleWebKit/537.36 (KHTML, like Gecko) Chrome/37.0.2062.94 Safari/537.36"""
2018-11-24 19:06:24.796	49	paid			849	San Francisco-Oakland-Hayward, CA	Mozilla/5.0 (Windows NT 5.1; rv:31.0) Gecko/20100101 Firefox/31.0
2018-11-24 19:07:04.796	86	free			906	La Crosse-Onalaska, WI-MN	"""Mozilla/5.0 (Macintosh; Intel Mac OS X 10_9_4) AppleWebKit/537.36 (KHTML, like Gecko) Chrome/37.0.2062.94 Safari/537.36"""
2018-11-24 19:10:42.796	86	free			906	La Crosse-Onalaska, WI-MN	"""Mozilla/5.0 (Macintosh; Intel Mac OS X 10_9_4) AppleWebKit/537.36 (KHTML, like Gecko) Chrome/37.0.2062.94 Safari/537.36"""
2018-11-24 20:42:25.796	83	free			867	Lubbock, TX	"""Mozilla/5.0 (Macintosh; Intel Mac OS X 10_9_4) AppleWebKit/537.36 (KHTML, like Gecko) Chrome/36.0.1985.143 Safari/537.36"""
2018-11-24 20:45:53.796	83	free			867	Lubbock, TX	"""Mozilla/5.0 (Macintosh; Intel Mac OS X 10_9_4) AppleWebKit/537.36 (KHTML, like Gecko) Chrome/36.0.1985.143 Safari/537.36"""
2018-11-24 20:49:18.796	83	free			867	Lubbock, TX	"""Mozilla/5.0 (Macintosh; Intel Mac OS X 10_9_4) AppleWebKit/537.36 (KHTML, like Gecko) Chrome/36.0.1985.143 Safari/537.36"""
2018-11-24 22:15:50.796	26	free			899	San Jose-Sunnyvale-Santa Clara, CA	"""Mozilla/5.0 (X11; Linux x86_64) AppleWebKit/537.36 (KHTML, like Gecko) Ubuntu Chromium/36.0.1985.125 Chrome/36.0.1985.125 Safari/537.36"""
2018-11-24 22:19:38.796	26	free			899	San Jose-Sunnyvale-Santa Clara, CA	"""Mozilla/5.0 (X11; Linux x86_64) AppleWebKit/537.36 (KHTML, like Gecko) Ubuntu Chromium/36.0.1985.125 Chrome/36.0.1985.125 Safari/537.36"""
2018-11-24 23:46:14.796	11	free			366	Elkhart-Goshen, IN	"""Mozilla/5.0 (Macintosh; Intel Mac OS X 10_9_4) AppleWebKit/537.78.2 (KHTML, like Gecko) Version/7.0.6 Safari/537.78.2"""
